1,Aleksandrow Kujawski
2,Alwernia
3,Baborow
4,Barlinek
5,Barwinek
6,Bedzin
7,Bezledy
8,Biala Podlaska
9,Bialaszewo
10,Bialystok
11,Bielsk Podlaski
12,Bielsko - Biala
13,Bochnia
14,Bozewo
15,Bransk
16,Brzeg Dolny
17,Brzesko
18,Bydgoszcz
19,Bytom
20,Chalupki
21,Chelm
22,Chorzow
23,Chyzne
24,Ciechanow
25,Ciechocinek
26,Cieszyn
27,Czestochowa
28,Dabrowa Gornicza
29,Daszyna
30,Debica
31,Deblin
32,Debowiec
33,Debrzno
34,Dlugopole-Zdroj
35,Dobieszowice
36,Dobre Miasto
37,Dzierzoniow
38,Elblag
39,Elk
40,Gdansk
41,Gdynia
42,Gieblo
43,Gieraltowice
44,Gliwice
45,Glubczyce
46,Glucholazy
47,Gorki Male
48,Gorzow Wielkopolski
49,Gostyn
50,Grudziadz
51,Gryfice
52,Gubin
53,Halinow
54,Hrebenne
55,Ilawa
56,Inowroclaw
57,Istebna
58,Izbica Kujawska
59,Jakuszyce
60,Jaslo
61,Jastrzebie-Zdroj
62,Jaworzno
63,Jaworzynka
64,Jedrzejow
65,Jejkowice
66,Jelenia Gora
67,Jezewo
68,Jozefow
69,Julianka
70,Kalisz
71,Karniewo
72,Katowice
73,Kedzierzyn-Kozle
74,Kepice
75,Kety
76,Kielce
77,Kleszczow
78,Klomnice
79,Kobylin
80,Kobylin-Borzymy
81,Kogutek
82,Kolbaskowo
83,Koniakow
84,Konin
85,Koscian
86,Kostrzyn
87,Koszalin
88,Krapkowice
89,Krasnik
90,Krosno
91,Kruszwica
92,Krzeszowice
93,Krzyz Wielkopolski
94,Kudowa-Slone
95,Kuznia Raciborska
96,Kuznica Bialostocka
97,Lazy
98,Leczyca
99,Ledziny
100,Legionowo
101,Legnica
102,Leszno
103,Limanowa
104,Lodz
105,Lomza
106,Lubaczow
107,Lublin
108,Lubliniec
109,Lwowek Slaski
110,Malbork
111,Medyka
112,Miechow
113,Miedzyrzecz
114,Miedzyrzecze
115,Mikolajki
116,Mikolow
117,Mirow
118,Mlynarze
119,Monki
120,Mordy
121,Myslowice
122,Myszkow
123,Naleczow
124,Nowy Sacz
125,Nowy Targ
126,Nysa
127,Oborniki
128,Ogrodniki
129,Ogrodzieniec
130,Olkusz
131,Olsztyn
132,Olszyna
133,Opole
134,Ostroleka
135,Oswiecim
136,Otmuchow
137,Piechowice
138,Pila
139,Pilica
140,Piotrkow Trybunalski
141,Piwniczna-Zdroj
142,Plock
143,Poraj
144,Poznan
145,Prudnik
146,Przasnysz
147,Przemysl
148,Pszczyna
149,Pulawy
150,Pyrzowice
151,Pyrzyce
152,Rabka
153,Raciborz
154,Radom
155,Rajcza
156,Rogoznik
157,Ruda Slaska
158,Rybnik
159,Rzeszow
160,Sanok
161,Siedlce
162,Siemianowice Slaskie
163,Sieradz
164,Siewierz
165,Skierniewice
166,Skorogoszcz
167,Slawkow
168,Sobotka
169,Sopot
170,Sosnicowice
171,Sosnowiec
172,Strzelce Opolskie
173,Sucha Beskidzka
174,Suraz
175,Suwalki
176,Swiecko
177,Swieradow-Zdroj
178,Swietochlowice
179,Swinoujscie
180,Szamotuly
181,Szczecin
182,Szczecinek
183,Szczekociny
184,Szczyrk
185,Tarnobrzeg
186,Tarnow
187,Tarnowskie Gory
188,Terespol
189,Tomaszow Lubelski
190,Torun
191,Trzebinia
192,Tworog
193,Tychy
194,Ustron
195,Wadowice
196,Wagrowiec
197,Walbrzych
198,Walce
199,Warszawa
200,Wegorzewo
201,Wejherowo
202,Wisla
203,Witonia
204,Wloclawek
205,Wlodowice
206,Wodzislaw Slaski
207,Wojkowice
208,Wolbrom
209,Wroclaw
210,Zabrodzie
211,Zabrze
212,Zakopane
213,Zambrow
214,Zamosc
215,Zawiercie
216,Zgorzelec
217,Zielona Gora
218,Zory
219,Zyrardow
220,Zywiec
